,cell_type1,total_features,log10_total_features,total_counts,log10_total_counts,pct_counts_top_50_features,pct_counts_top_100_features,pct_counts_top_200_features,pct_counts_top_500_features,total_features_endogenous,log10_total_features_endogenous,total_counts_endogenous,log10_total_counts_endogenous,pct_counts_endogenous,pct_counts_top_50_features_endogenous,pct_counts_top_100_features_endogenous,pct_counts_top_200_features_endogenous,pct_counts_top_500_features_endogenous,total_features_feature_control,log10_total_features_feature_control,total_counts_feature_control,log10_total_counts_feature_control,pct_counts_feature_control,pct_counts_top_50_features_feature_control,total_features_ERCC,log10_total_features_ERCC,total_counts_ERCC,log10_total_counts_ERCC,pct_counts_ERCC,pct_counts_top_50_features_ERCC,is_cell_control
X2cell_1_A,2cell,15030,4.17698787480081,1567960,6.19533525624674,21.4370264547565,26.1374014643231,32.7378887216511,45.5197836679507,15007,4.17632282103499,1567295,6.19515102520297,99.9575882037807,21.4461221403756,26.1484915092564,32.7517793395627,45.5390976172322,23,1.38021124171161,665,2.8234742291703,0.0424117962192913,100,23,1.38021124171161,665,2.8234742291703,0.0424117962192913,100,FALSE
X2cell_1_B,2cell,14217,4.15283850989222,884635,5.94676460887851,19.8956631831207,24.9530032160156,31.858450095237,45.086730685537,14196,4.15219658233421,884127,5.94651514472968,99.9425751863763,19.9070947952048,24.9673406648592,31.8767552625358,45.1126365329868,21,1.34242268082221,508,2.70671778233676,0.0574248136236979,100,21,1.34242268082221,508,2.70671778233676,0.0574248136236979,100,FALSE
X2cell_2_A,2cell,14437,4.15950703747732,1203310,6.0803778867981,19.4033956337103,24.6676251340054,31.8177360779849,45.3827359533287,14415,4.15884477363499,1202679,6.08015008891825,99.9475613100531,19.4135758585624,24.680567300169,31.834429635838,45.4065465514905,22,1.36172783601759,631,2.80071707828239,0.0524386899468965,100,22,1.36172783601759,631,2.80071707828239,0.0524386899468965,100,FALSE
X2cell_2_B,2cell,14760,4.16911578023571,1079091,6.03305847284701,19.864311721625,24.3996104128382,30.9321456670475,43.751731781657,14739,4.16849748352303,1078496,6.03281894138547,99.944860998748,19.8752707474112,24.4130715366585,30.949210752752,43.7758693588108,21,1.34242268082221,595,2.77524625974024,0.0551390012519797,100,21,1.34242268082221,595,2.77524625974024,0.0551390012519797,100,FALSE
X2cell_3_A,2cell,15966,4.20322332529091,2407749,6.38161139153223,23.4589236668772,27.8737110886558,34.2452639373955,46.6830637246657,15944,4.20262452357898,2406600,6.38140409282502,99.9522790789239,23.4701238261448,27.8870190309981,34.2616138951217,46.7053519488074,22,1.36172783601759,1149,3.06069784035361,0.0477209210760756,100,22,1.36172783601759,1149,3.06069784035361,0.0477209210760756,100,FALSE
X2cell_3_B,2cell,15224,4.18255730130491,1335136,6.12552583146188,18.8496153200872,23.4778329698248,30.0624056275915,42.9395956666587,15199,4.18184358794477,1334610,6.12535470002892,99.9606032643865,18.8570443800061,23.4870861150448,30.0742539018889,42.9565191329302,25,1.41497334797082,526,2.72181061521255,0.0393967356134506,100,25,1.41497334797082,526,2.72181061521255,0.0393967356134506,100,FALSE
ME_4cell_1_A,4cell,13146,4.11882666293329,913347,5.9606362821167,20.9206358590985,27.4170714963754,35.7468738606466,49.922756630284,13125,4.1181323999209,912792,5.96037230091823,99.9392344859073,20.933356120562,27.433741750585,35.7686088396918,49.9531108949246,21,1.34242268082221,555,2.74507479158206,0.0607655140926723,100,21,1.34242268082221,555,2.74507479158206,0.0607655140926723,100,FALSE
ME_4cell_1_B,4cell,13170,4.11961874975257,951921,5.97860136397544,20.6625339707812,27.2251583902446,35.4899198567948,49.8125369647271,13151,4.11899180019598,951241,5.97829101735238,99.9285655007086,20.6773046998605,27.2446204484458,35.5152900263971,49.8481457380411,19,1.30102999566398,680,2.83314711191279,0.0714344992914328,100,19,1.30102999566398,680,2.83314711191279,0.0714344992914328,100,FALSE
ME_4cell_1_C,4cell,12848,4.10886932911623,847809,5.92829853480734,20.3703900288862,26.6661476818482,34.8733028311801,48.8512153091085,12831,4.10829435094009,847202,5.92798748496668,99.928403685264,20.3849849268533,26.6852533398174,34.8982887198094,48.8862160382058,17,1.25527250510331,607,2.78390357927274,0.0715963147359842,100,17,1.25527250510331,607,2.78390357927274,0.0715963147359842,100,FALSE
ME_4cell_1_D,4cell,13269,4.12287092286444,1029362,6.01256855367069,23.1657084679637,29.2614260095088,37.5321801271079,51.419422904673,13249,4.12221587827283,1028469,6.01219162804389,99.9132472346949,23.1858228104104,29.2868331471342,37.5647686026511,51.464069408023,20,1.32221929473392,893,2.95133751879592,0.0867527653051113,100,20,1.32221929473392,893,2.95133751879592,0.0867527653051113,100,FALSE
ME_4cell_2_A,4cell,13140,4.1186284152966,1165934,6.06667433950688,23.4749136743589,29.8086341079341,37.714227391945,51.2669670839001,13119,4.11793383503964,1165013,6.06633114432016,99.9210075355895,23.4934717466672,29.8321992973469,37.7440423411584,51.3074961395281,21,1.34242268082221,921,2.96473092105363,0.0789924644105069,100,21,1.34242268082221,921,2.96473092105363,0.0789924644105069,100,FALSE
ME_4cell_2_B,4cell,13422,4.12784959018764,1251393,6.09739406835515,22.3793005075144,29.2403745266275,37.6997474014958,51.9578581628633,13399,4.12710479836481,1250438,6.09706251045312,99.9236850453854,22.3963923041366,29.2627063476958,37.7285399196122,51.9975400619623,23,1.38021124171161,955,2.9804578922761,0.0763149546145775,100,23,1.38021124171161,955,2.9804578922761,0.0763149546145775,100,FALSE
ME_4cell_2_C,4cell,13122,4.11803312882857,904070,5.9562025385477,21.7404625748006,28.0077870076432,35.7410377515015,49.2234008428551,13104,4.11743702528262,903339,5.95585124126824,99.9191434291592,21.7580553922724,28.0304514694926,35.7699601146413,49.2632334040709,18,1.27875360095283,731,2.86451108105839,0.0808565708407535,100,18,1.27875360095283,731,2.86451108105839,0.0808565708407535,100,FALSE
ME_4cell_2_D,4cell,13352,4.12557884900218,1272369,6.10461342074022,20.6659388903691,26.908624777875,34.8759675848751,49.3162753886648,13329,4.12483014941386,1271704,6.10438637881964,99.9477352874834,20.6767455319791,26.9226958474614,34.8942049407724,49.3420638764996,23,1.38021124171161,665,2.8234742291703,0.0522647125165734,100,23,1.38021124171161,665,2.8234742291703,0.0522647125165734,100,FALSE
ME_4cell_3_A,4cell,13103,4.11740388441634,1196487,6.07790834727882,23.0478893627762,29.4417741270904,37.2733677841882,50.8038950694826,13082,4.11670734139309,1195447,6.07753068977491,99.9130788717303,23.0679402767333,29.4673875127881,37.305794401592,50.8480928054527,21,1.34242268082221,1040,3.01745072951054,0.0869211282696761,100,21,1.34242268082221,1040,3.01745072951054,0.0869211282696761,100,FALSE
ME_4cell_3_B,4cell,13319,4.12450422483428,1239377,6.09320378279042,22.2716735908444,28.745329306579,36.8698144309601,51.0960748827838,13297,4.12378632861537,1238527,6.09290582933771,99.9314171555548,22.2869586210071,28.7650572010138,36.8951181524505,51.1311420744158,22,1.36172783601759,850,2.92992956008459,0.0685828444452334,100,22,1.36172783601759,850,2.92992956008459,0.0685828444452334,100,FALSE
ME_4cell_3_C,4cell,12545,4.09850528320132,773462,5.88843954327111,24.7192492973152,30.7173461656811,38.5925876125782,51.9920823518156,12527,4.09788174471387,772781,5.88805699773493,99.9119543041546,24.7410327117256,30.7444153000656,38.6265966683964,52.0378994825183,18,1.27875360095283,681,2.83378437465648,0.0880456958454326,100,18,1.27875360095283,681,2.83378437465648,0.0880456958454326,100,FALSE
ME_4cell_3_D,4cell,13161,4.11932188646398,1077853,6.03255993776302,24.0797214462455,30.5705880115378,38.7948078262991,52.7319588107098,13137,4.11852925753174,1076837,6.03215037275204,99.9057385376299,24.1024407593721,30.5994314831307,38.8314108820555,52.7817116239505,24,1.39794000867204,1016,3.00732095292274,0.0942614623701006,100,24,1.39794000867204,1016,3.00732095292274,0.0942614623701006,100,FALSE
EM_4cell_1_A,4cell,14298,4.15530566615963,1690925,6.2281246019828,22.4844389904934,28.6996170734953,36.5871342608336,50.2335112438458,14274,4.15457611691789,1689458,6.22774765672659,99.9132427517483,22.5039628093744,28.7245376919698,36.6189038141226,50.2732237202701,24,1.39794000867204,1467,3.16672605558005,0.0867572482516966,100,24,1.39794000867204,1467,3.16672605558005,0.0867572482516966,100,FALSE
EM_4cell_1_B,4cell,13700,4.13675226632666,1196706,6.07798783139257,24.0736655452551,30.1456665212675,38.0424264606344,51.4725421281418,13681,4.13614958608853,1195607,6.07758881230922,99.9081645784345,24.0957940192722,30.1733763686563,38.077394996851,51.5073096761729,19,1.30102999566398,1099,3.04139268515822,0.0918354215655307,100,19,1.30102999566398,1099,3.04139268515822,0.0918354215655307,100,FALSE
EM_4cell_1_C,4cell,13730,4.13770216714696,1340719,6.12733808795454,24.1769528141244,30.5935844871297,38.7175836249057,52.8157652722159,13708,4.1370057764291,1339477,6.12693558501622,99.9073631387338,24.199370351264,30.6219517020449,38.7534836357773,52.8577198414008,22,1.36172783601759,1242,3.09447112864164,0.092636861266231,100,22,1.36172783601759,1242,3.09447112864164,0.092636861266231,100,FALSE
EM_4cell_1_D,4cell,13556,4.13216359605086,1228853,6.08950028747482,22.356294853819,28.6272646117965,36.7051225817897,50.808111303793,13534,4.13145826010653,1227976,6.08919023254894,99.9286326354739,22.3722613471273,28.6477097272259,36.7313367687968,50.8443976103767,22,1.36172783601759,877,2.9434945159061,0.0713673645261069,100,22,1.36172783601759,877,2.9434945159061,0.0713673645261069,100,FALSE
EM_4cell_2_A,4cell,13192,4.12034356243803,923885,5.96561838612774,22.4411046829421,28.6088636572734,36.7723255599994,50.7137793123603,13170,4.11961874975257,923226,5.965308497046,99.9286707761247,22.4571231746073,28.6292847038537,36.7985736970146,50.7499788784111,22,1.36172783601759,659,2.81954393554187,0.0713292238752659,100,22,1.36172783601759,659,2.81954393554187,0.0713292238752659,100,FALSE
EM_4cell_2_B,4cell,13769,4.13893394025692,1273919,6.105142155904,20.1543426230396,26.4289958780739,34.4560368437868,48.372227747604,13744,4.13814474417949,1273293,6.10492869260556,99.9508602980252,20.1642512760221,26.4419893928577,34.4729767618294,48.3960094023921,25,1.41497334797082,626,2.79726754083072,0.0491397019747723,100,25,1.41497334797082,626,2.79726754083072,0.0491397019747723,100,FALSE
EM_4cell_2_C,4cell,13601,4.13360277051016,1063237,6.02663048984532,22.2046448722157,27.9203978040644,35.3156445834748,48.5961267337386,13582,4.13299570069227,1062564,6.02635550651329,99.9367027294949,22.2187087083696,27.9380818473052,35.3380125808892,48.6269062381184,19,1.30102999566398,673,2.82865989653532,0.0632972705050708,100,19,1.30102999566398,673,2.82865989653532,0.0632972705050708,100,FALSE
EM_4cell_2_D,4cell,14099,4.14921911265538,1630144,6.2122262362439,24.2165722782773,30.0161826194496,37.2778110400063,50.2112696792431,14074,4.14844840352338,1628782,6.21186322784434,99.9164490989753,24.2368223617402,30.0412823815587,37.3089830314922,50.246073446293,25,1.41497334797082,1362,3.13449585583467,0.0835509010246948,100,25,1.41497334797082,1362,3.13449585583467,0.0835509010246948,100,FALSE
EM_4cell_3_A,4cell,14351,4.15691242570002,1528071,6.18414381789544,24.4069156472441,30.3523200165437,37.740720162872,50.8179266539317,14322,4.15603399192362,1526316,6.18364474138644,99.8851493157059,24.4349793882787,30.3872199465904,37.784115478053,50.8613550536062,29,1.47712125471966,1755,3.24452451157008,0.11485068429412,100,29,1.47712125471966,1755,3.24452451157008,0.11485068429412,100,FALSE
EM_4cell_3_B,4cell,14438,4.15953711639702,1923115,6.28400548113941,25.1850253364983,31.2131619793928,38.9421329457677,52.0926725650832,14416,4.158874898456,1920780,6.28347785111188,99.8785824040684,25.215641562282,31.2511063213903,38.9874946636262,52.1263236810046,22,1.36172783601759,2335,3.36847283844036,0.121417595931601,100,22,1.36172783601759,2335,3.36847283844036,0.121417595931601,100,FALSE
EM_4cell_3_C,4cell,13820,4.14053946697234,1326334,6.12265323015958,24.6713120526202,30.1928473521752,37.3231026272417,50.4464938695683,13796,4.1397846642937,1324800,6.12215064725958,99.8843428578322,24.6998792270531,30.2278079710145,37.3663194444444,50.4809027777778,24,1.39794000867204,1534,3.18610837981321,0.11565714216781,100,24,1.39794000867204,1534,3.18610837981321,0.11565714216781,100,FALSE
EM_4cell_3_D,4cell,14443,4.15968747975479,1996314,6.30022907000152,20.765971685817,26.4530028843158,33.9341406211648,48.0470006221466,14423,4.15908571371435,1994175,6.29976348519716,99.8928525272076,20.7882457657929,26.4813770105432,33.9705391954066,48.0851479935312,20,1.32221929473392,2139,3.33041377334919,0.107147472792356,100,20,1.32221929473392,2139,3.33041377334919,0.107147472792356,100,FALSE
MM_4cell_1_A,4cell,13793,4.13969022165292,1097694,6.0404816859997,22.3050321856547,27.7142810291393,34.8760219150328,47.8200664301709,13769,4.13893394025692,1096812,6.04013258929678,99.9196497384517,22.3229687494302,27.7365674336167,34.9040674244994,47.8585208768686,24,1.39794000867204,882,2.94596070357757,0.0803502615483003,100,24,1.39794000867204,882,2.94596070357757,0.0803502615483003,100,FALSE
MM_4cell_1_B,4cell,13875,4.14226429117002,1077700,6.03249828583965,22.2097058550617,27.538832699267,34.586712443166,47.7894590331261,13856,4.14166921696621,1077090,6.03225239701044,99.9433979771736,22.2222841173904,27.5544290634952,34.6063003091664,47.816524153042,19,1.30102999566398,610,2.78604121024255,0.0566020228263895,100,19,1.30102999566398,610,2.78604121024255,0.0566020228263895,100,FALSE
MM_4cell_1_C,4cell,13912,4.14342078512994,1323587,6.12175282107666,22.6189136037148,28.4585750691114,35.9785189791075,49.402797096073,13886,4.14260843550247,1322698,6.12146102520649,99.9328340335769,22.6341160264853,28.4777023931389,36.0027005408642,49.436001264083,26,1.43136376415899,889,2.94939000664491,0.067165966423061,100,26,1.43136376415899,889,2.94939000664491,0.067165966423061,100,FALSE
MM_4cell_1_D,4cell,13722,4.13744906334033,1772964,6.24870016230317,25.2938581945262,31.6087636297184,39.3464841925724,52.7447821839586,13699,4.13672056715641,1770918,6.24819869746477,99.8846000257196,25.3230810235144,31.6452822773274,39.3919424840676,52.7842057057413,23,1.38021124171161,2046,3.31111784266251,0.115399974280358,100,23,1.38021124171161,2046,3.31111784266251,0.115399974280358,100,FALSE
MM_4cell_2_A,4cell,14451,4.15992795289598,1864798,6.27063202762181,25.0632508185873,31.6986611954753,39.8315528008932,53.7236204672034,14429,4.15926633109349,1862676,6.27013755200874,99.8862075141651,25.0918034054232,31.7347729825262,39.876929750531,53.7676976564899,22,1.36172783601759,2122,3.326949994166,0.113792485834927,100,22,1.36172783601759,2122,3.326949994166,0.113792485834927,100,FALSE
MM_4cell_2_B,4cell,14392,4.1581513253927,1990318,6.29892268889053,23.4146503222098,29.9822440434142,38.2674024954806,52.1841233410942,14370,4.15748698938485,1988086,6.29843538549047,99.8878571163,23.4409376656744,30.0159047445634,38.310364843372,52.2230929647913,22,1.36172783601759,2232,3.34888872307144,0.112142883699992,100,22,1.36172783601759,2232,3.34888872307144,0.112142883699992,100,FALSE
MM_4cell_2_C,4cell,13981,4.14556929779299,1854362,6.26819475325275,22.4355330836158,28.9335631338433,37.0659558381805,51.1132669888619,13956,4.14479207849771,1852480,6.26775376232614,99.8985095682504,22.4583261357747,28.9629577647262,37.1036124546554,51.1532648125756,25,1.41497334797082,1882,3.27485032001666,0.101490431749572,100,25,1.41497334797082,1882,3.27485032001666,0.101490431749572,100,FALSE
MM_4cell_2_D,4cell,14127,4.15008068623349,1931597,6.28591674705477,24.4129080755458,30.9388552581103,38.9556931388897,52.6211212794387,14107,4.14946545099545,1929756,6.28550262496459,99.9046902640665,24.4361981514761,30.968371130858,38.9928571280514,52.6690420965137,20,1.32221929473392,1841,3.26528962586083,0.0953097359335306,100,20,1.32221929473392,1841,3.26528962586083,0.0953097359335306,100,FALSE
MM_4cell_3_A,4cell,13969,4.14519640611418,1739914,6.24052803222935,23.9442294274315,29.8764191793387,37.6800232655177,51.4147250956082,13944,4.14441851860207,1738218,6.24010449276843,99.9025239178488,23.9675920971938,29.9055699572781,37.7167881128834,51.4640856325271,25,1.41497334797082,1696,3.22968184231768,0.0974760821511868,100,25,1.41497334797082,1696,3.22968184231768,0.0974760821511868,100,FALSE
MM_4cell_3_B,4cell,14076,4.148510110611,1442764,6.15919559823516,22.2568625222143,28.3084412973986,35.9974327055568,49.8764870761954,14052,4.14776904626015,1441803,6.15890622605335,99.933391739744,22.2716973123235,28.3273096255175,36.021425950702,49.9097310797661,24,1.39794000867204,961,2.98317507203781,0.0666082602560086,100,24,1.39794000867204,961,2.98317507203781,0.0666082602560086,100,FALSE
MM_4cell_3_C,4cell,13578,4.13286778831908,1286683,6.10947190051192,22.8600984080772,28.9319902415747,36.7803103017604,50.7573349457481,13557,4.13219562957342,1285729,6.1091497774363,99.9258558634877,22.8770604069753,28.9534575326527,36.8076009796777,50.7949964572628,21,1.34242268082221,954,2.98000337158375,0.0741441365122567,100,21,1.34242268082221,954,2.98000337158375,0.0741441365122567,100,FALSE
MM_4cell_3_D,4cell,13702,4.13681565772685,1602692,6.20485034008663,26.3751238541155,32.6492551282467,40.6102981733234,54.5454148395325,13678,4.13605434955106,1600943,6.20437614084101,99.8908711093585,26.4039381789358,32.6849238230218,40.6546641573123,54.5885768575146,24,1.39794000867204,1749,3.24303804868629,0.109128890641496,100,24,1.39794000867204,1749,3.24303804868629,0.109128890641496,100,FALSE
EE_4cell_1_A,4cell,14087,4.14884934295922,2004168,6.30193434028544,24.3392270508261,30.4481959596202,38.2699953297328,51.6576454668471,14065,4.14817061307739,2001593,6.30137599050542,99.8715177569944,24.3705388657934,30.487366812334,38.3192287343131,51.6969234005115,22,1.36172783601759,2575,3.41094585868777,0.128482243005576,100,22,1.36172783601759,2575,3.41094585868777,0.128482243005576,100,FALSE
EE_4cell_1_B,4cell,14281,4.15478902873875,2257472,6.35362256473476,23.9037294814731,29.8855976951209,37.9570156351884,51.4617678535991,14258,4.15408906901442,2254169,6.35298666560444,99.8536858928926,23.9387552574807,29.9293886128325,38.0106815416235,51.5038579627348,23,1.38021124171161,3303,3.51904003864834,0.146314107107419,100,23,1.38021124171161,3303,3.51904003864834,0.146314107107419,100,FALSE
EE_4cell_1_C,4cell,12720,4.10452125261833,1251708,6.09750337489389,33.0005081057243,37.6155620959521,44.1404864393293,56.2115125891981,12696,4.10370111958951,1248358,6.09633949664328,99.7323656955136,33.0701609634416,37.6610715836323,44.182678366302,56.260223429497,24,1.39794000867204,3350,3.52517442783527,0.26763430448635,100,24,1.39794000867204,3350,3.52517442783527,0.26763430448635,100,FALSE
EE_4cell_1_D,4cell,13839,4.14113609012074,1391307,6.14342328232383,26.986998556034,32.2745447266491,39.5907589051158,52.7273994883947,13811,4.14025656967742,1389393,6.1428254190723,99.8624315122399,27.0241753053312,32.319005493766,39.6452983425136,52.7729735215306,28,1.46239799789896,1914,3.28216877830464,0.13756848776007,100,28,1.46239799789896,1914,3.28216877830464,0.13756848776007,100,FALSE
X8cell_1_A,8cell,12814,4.10771861052026,1669002,6.22245711731572,21.5591712891896,28.8746208812212,38.032009548221,52.990469753781,12793,4.10700634638154,1667044,6.22194732327606,99.882684382643,21.5844932707235,28.9085351076516,38.0766794397748,53.0349528866665,21,1.34242268082221,1958,3.29203443599474,0.117315617356959,100,21,1.34242268082221,1958,3.29203443599474,0.117315617356959,100,FALSE
X8cell_1_B,8cell,13351,4.12554632367119,1392197,6.14370100552764,18.3394304110697,25.0668547626521,33.6835232370132,48.5088676387034,13329,4.12483014941386,1391144,6.14337239916381,99.924364152487,18.3533120942189,25.085828641751,33.7090193394789,48.5455855037293,22,1.36172783601759,1053,3.02284061087653,0.0756358475129597,100,22,1.36172783601759,1053,3.02284061087653,0.0756358475129597,100,FALSE
X8cell_1_C,8cell,13413,4.12755830200463,1348946,6.129994886618,19.9893843044866,26.4482047465206,34.9942102945559,49.2621646826485,13385,4.12665082066748,1347599,6.12956100230908,99.9001442607784,20.0093648036248,26.4746411951923,35.0291889501254,49.3031680789315,28,1.46239799789896,1347,3.1296898921993,0.0998557392215848,100,28,1.46239799789896,1347,3.1296898921993,0.0998557392215848,100,FALSE
X8cell_1_D,8cell,13351,4.12554632367119,2328283,6.36703595368841,23.8312954224207,30.4513240014208,39.1914556778536,54.1010263786662,13328,4.12479756796053,2325128,6.36644705289651,99.8644924178032,23.8636324537832,30.4926438458442,39.2446351340657,54.1408472995895,23,1.38021124171161,3155,3.49913699453738,0.135507582196838,100,23,1.38021124171161,3155,3.49913699453738,0.135507582196838,100,FALSE
X8cell_1_E,8cell,12835,4.10842970842347,2832223,6.45212759863526,26.0348849649198,32.509551684313,41.2516599151974,56.0917343019953,12811,4.10761692999178,2826486,6.45124699232886,99.7974382666902,26.087728720397,32.5755372572162,41.2992670050374,56.1328094319236,24,1.39794000867204,5737,3.75876054390998,0.202561733309842,100,24,1.39794000867204,5737,3.75876054390998,0.202561733309842,100,FALSE
X8cell_1_F,8cell,13037,4.11521097670417,3019042,6.47986929869045,29.100820723925,35.6349133268103,43.9495376347861,58.3245281118977,13011,4.11434405460982,3010796,6.47868147462539,99.7268669995316,29.1805223601998,35.6968721892815,43.9931499842567,58.3616425689419,26,1.43136376415899,8246,3.91629599456313,0.27313300046836,100,26,1.43136376415899,8246,3.91629599456313,0.27313300046836,100,FALSE
X8cell_1_G,8cell,13780,4.13928073271852,1758346,6.24510458479596,24.71174615235,30.6546038151763,38.5179594914767,52.0728571054844,13759,4.13861843389949,1755829,6.24448246508037,99.8568541117618,24.7471707096762,30.6985475237053,38.5649741518109,52.1103706568236,21,1.34242268082221,2517,3.40105572577184,0.143145888238151,100,21,1.34242268082221,2517,3.40105572577184,0.143145888238151,100,FALSE
X8cell_1_H,8cell,13179,4.11991541025799,1269910,6.10377328507934,26.7134678835508,32.1855879550519,39.5762691844304,52.2123615059335,13157,4.11918988206117,1267917,6.10309116734772,99.8430597443913,26.7554579676745,32.2361794975539,39.6358752189615,52.2628847156399,22,1.36172783601759,1993,3.29972515397564,0.156940255608665,100,22,1.36172783601759,1993,3.29972515397564,0.156940255608665,100,FALSE
X8cell_2_A,8cell,13485,4.12988315534062,2295999,6.36097188372594,22.7411248872495,29.5105093686887,38.1405653922323,52.6561640488519,13463,4.12917410296777,2293250,6.36045159155907,99.880269982696,22.7683854791235,29.5458846615066,38.186285838875,52.6951706093971,22,1.36172783601759,2749,3.43933269383026,0.119730017304015,100,22,1.36172783601759,2749,3.43933269383026,0.119730017304015,100,FALSE
X8cell_2_B,8cell,13388,4.12674814156019,1554641,6.1916303963695,20.1074717571452,27.1100530604815,35.9747362896,50.3166325859153,13365,4.12600145678767,1553463,6.19130119336022,99.9242268793889,20.1227193695634,27.1306107709035,36.0020161407127,50.354787980145,23,1.38021124171161,1178,3.07151380509509,0.075773120611125,100,23,1.38021124171161,1178,3.07151380509509,0.075773120611125,100,FALSE
X8cell_2_C,8cell,13442,4.12849619863271,1280566,6.10740230593531,19.108581674041,26.0150589661134,34.455467348032,48.7287652491164,13422,4.12784959018764,1279705,6.10711020617641,99.9327641058719,19.1214381439472,26.0325621920677,34.4786493762234,48.7615505135949,20,1.32221929473392,861,2.93550726582471,0.0672358941280652,100,20,1.32221929473392,861,2.93550726582471,0.0672358941280652,100,FALSE
X8cell_2_D,8cell,13388,4.12674814156019,1932414,6.286100399955,23.5191837773893,30.0379214805937,38.1588003398858,52.3210347265131,13361,4.12587146741768,1929838,6.28552107878593,99.8666952319741,23.5505778205217,30.0780169112641,38.2097357394766,52.3625817296581,27,1.44715803134222,2576,3.4111144185509,0.133304768025899,100,27,1.44715803134222,2576,3.4111144185509,0.133304768025899,100,FALSE
X8cell_2_E,8cell,13376,4.12635872706927,2599932,6.41496215639189,27.0600538783322,33.2961400528937,41.7376685236383,55.880769189348,13349,4.12548126570059,2596490,6.41438682157498,99.867611922158,27.0959256534783,33.3402786068885,41.792997469661,55.9239588829535,27,1.44715803134222,3442,3.53693702270467,0.132388077842036,100,27,1.44715803134222,3442,3.53693702270467,0.132388077842036,100,FALSE
X8cell_2_F,8cell,13637,4.13475068610861,2469935,6.39268570013945,28.0573780281667,34.4507041683283,42.7781297888406,56.9579361400199,13613,4.13398574626858,2465117,6.39183771287179,99.8049341379429,28.1122153634087,34.5150351889991,42.8228355895481,56.9920616343971,24,1.39794000867204,4818,3.68295692630121,0.195065862057099,100,24,1.39794000867204,4818,3.68295692630121,0.195065862057099,100,FALSE
X8cell_2_G,8cell,13215,4.12110002997631,1905151,6.27992963099736,24.8293704803451,31.1204728654054,39.3227623427224,53.4724544143745,13193,4.12037647974443,1902097,6.27923288892253,99.839697745743,24.869236426954,31.1704397830395,39.3812723536181,53.5212978097331,22,1.36172783601759,3054,3.48501121457857,0.160302254257012,100,22,1.36172783601759,3054,3.48501121457857,0.160302254257012,100,FALSE
X8cell_2_H,8cell,13462,4.12914184579229,2007441,6.30264300628256,23.1000562407563,29.7901158738912,38.6168759131651,53.5475762425894,13438,4.12836695393808,2005308,6.30218130296872,99.8937453205349,23.1246272393069,29.8218029350105,38.6579517959336,53.5864316105057,24,1.39794000867204,2133,3.32919441508845,0.10625467946505,100,24,1.39794000867204,2133,3.32919441508845,0.10625467946505,100,FALSE
X16cell_A,16cell,10953,4.03957273659277,630341,5.79957624534637,40.1090838133645,44.6471037105313,50.3086424649515,60.0124377122859,10932,4.03873934810475,628498,5.79830459101986,99.707618574708,40.2266992098622,44.7584558741635,50.4111389375941,60.0700400001273,21,1.34242268082221,1843,3.26576091671761,0.292381425292024,100,21,1.34242268082221,1843,3.26576091671761,0.292381425292024,100,FALSE
X16cell_B,16cell,11368,4.05572226648358,1222055,6.08709110765264,27.7487510791249,33.7711477797644,41.1603405738694,53.85395910986,11340,4.05465135044174,1218071,6.0856729601183,99.6739917597817,27.8395101763362,33.8473701450901,41.2218171190349,53.9109789166641,28,1.46239799789896,3984,3.60042832573213,0.326008240218321,100,28,1.46239799789896,3984,3.60042832573213,0.326008240218321,100,FALSE
X16cell_C,16cell,12809,4.10754912974469,1681172,6.22561240652661,27.8082195040127,33.6226751337757,41.2349836899496,53.7954474616518,12785,4.10673470009785,1676432,6.22438620118164,99.718053833873,27.8863681914924,33.6678135468662,41.2661533542667,53.8129193429856,24,1.39794000867204,4740,3.67586995531896,0.281946166126964,100,24,1.39794000867204,4740,3.67586995531896,0.281946166126964,100,FALSE
X16cell_D,16cell,13279,4.123198075032,1776262,6.24950726943383,28.7186800145474,34.3306336565214,41.7165373126262,54.2966071446667,13253,4.12234696625508,1771925,6.24844558072105,99.7558355693023,28.788972445222,34.3793332110558,41.7518800174951,54.3322657561691,26,1.43136376415899,4337,3.63728954767817,0.244164430697724,100,26,1.43136376415899,4337,3.63728954767817,0.244164430697724,100,FALSE
X16cell_E,16cell,13554,4.1320995219165,1371872,6.13731390878173,29.1275716684939,34.9380991812647,42.2172768304915,54.6131854866926,13531,4.13136198911594,1368853,6.13635712937892,99.7799357374449,29.1918124152119,35.0017131130954,42.2604180288168,54.6532023526266,23,1.38021124171161,3019,3.48000694295715,0.220064262555107,100,23,1.38021124171161,3019,3.48000694295715,0.220064262555107,100,FALSE
X16cell_F,16cell,11602,4.06457029224403,1322044,6.1212462379931,33.3751372874125,38.7933381944928,45.4812396561688,57.2696521447092,11578,4.06367105393072,1316339,6.11936807852755,99.5684712460402,33.4348522682987,38.8264725120201,45.5065906274903,57.2821286917732,24,1.39794000867204,5705,3.75633176732106,0.431528753959777,100,24,1.39794000867204,5705,3.75633176732106,0.431528753959777,100,FALSE
X32cell_A,blast,13696,4.13662545576093,4666627,6.66900318250367,19.2289634461893,25.3918515450238,33.06040958491,47.3596025566217,13671,4.13583204971268,4660804,6.66846093318456,99.8752203679446,19.2529872528431,25.4235749883496,33.1017137815707,47.4109831694274,25,1.41497334797082,5823,3.76522136630498,0.124779632055444,100,25,1.41497334797082,5823,3.76522136630498,0.124779632055444,100,FALSE
X32cell_B,blast,11623,4.06535560128996,770004,5.88649354525736,17.5904281016722,23.5471504044135,31.2595778723227,45.3185957475546,11599,4.06445798922692,768862,5.88584896185011,99.8516890821346,17.6165553766476,23.5821252708548,31.3060081002833,45.3760232655535,24,1.39794000867204,1142,3.05804623039528,0.148310917865362,100,24,1.39794000867204,1142,3.05804623039528,0.148310917865362,100,FALSE
X32cell_C,blast,11468,4.05952555273869,979081,5.99081906632426,21.7830802558726,27.3805742323669,34.7272595423668,48.4657551315979,11444,4.05861579701056,976497,5.98967135813094,99.736079037383,21.8407225009396,27.4530285295295,34.8010285745886,48.5468977375251,24,1.39794000867204,2584,3.41246054742996,0.263920962616985,100,24,1.39794000867204,2584,3.41246054742996,0.263920962616985,100,FALSE
X32cell_D,blast,14262,4.15421088220697,7292700,6.86288840789838,25.4409066600847,30.9747281528103,38.0136849177945,50.6110905425974,14232,4.15329644935531,7279033,6.86207374795231,99.8125934153331,25.4886741137181,31.0328858242571,38.0614430515702,50.6579101921917,30,1.49136169383427,13667,4.13570497012673,0.187406584666859,100,30,1.49136169383427,13667,4.13570497012673,0.187406584666859,100,FALSE
X32cell_E,blast,11965,4.07794899850603,869077,5.93905875625235,27.6278166376512,32.4021922108168,38.5693097389529,49.9374623882579,11941,4.07707706684576,866596,5.93781718125305,99.714524719904,27.7069130252159,32.4669165331942,38.6259571934327,49.9829216843835,24,1.39794000867204,2481,3.39480177716271,0.28547528009601,100,24,1.39794000867204,2481,3.39480177716271,0.28547528009601,100,FALSE
X32cell_F,blast,6851,3.83581735429347,513957,5.71092763044759,81.213603472664,82.7417468776571,84.7312129224818,88.3778214909029,6825,3.83416628394262,504410,5.70278454893041,98.1424516058736,81.3015205884102,82.7223885331377,84.6708035130152,88.3071311036657,26,1.43136376415899,9547,3.97991241033472,1.85754839412636,100,26,1.43136376415899,9547,3.97991241033472,1.85754839412636,100,FALSE
X8cell_3_A,8cell,10541,4.02292301187894,775024,5.88931571177977,35.0462695348789,40.5008102974876,47.1217665517455,58.7466968764838,10524,4.02222210450771,774432,5.88898385077315,99.9236152686885,35.0730599975208,40.5317703813892,47.1577879013264,58.7916046857568,17,1.25527250510331,592,2.77305469336426,0.0763847313115465,100,17,1.25527250510331,592,2.77305469336426,0.0763847313115465,100,FALSE
X8cell_4_A,8cell,9428,3.97446563573724,653290,5.81510667521528,48.5468934164001,52.1743789128871,56.9572471643527,65.6169541857368,9414,3.97382032435268,652185,5.8143714718879,99.8308561282126,48.6291466378405,52.2612448921702,57.0309038079686,65.6750768570268,14,1.17609125905568,1105,3.04375512696868,0.169143871787414,100,14,1.17609125905568,1105,3.04375512696868,0.169143871787414,100,FALSE
X8cell_3_B,8cell,10874,4.03642926562668,853044,5.93097194176096,36.6166340774919,42.0571506276347,48.8070955308284,60.2793056395684,10852,4.03554980301006,852338,5.93061236066751,99.9172375633613,36.6469639978506,42.0919869816904,48.8475229310438,60.329235584944,22,1.36172783601759,706,2.8494194137969,0.0827624366386728,100,22,1.36172783601759,706,2.8494194137969,0.0827624366386728,100,FALSE
X8cell_4_B,8cell,11238,4.05072767121505,946986,5.97634401715848,29.7375040391305,36.0982105332075,43.7769935352793,56.7542709184719,11221,4.05007026436744,946341,5.97604811512385,99.931889172596,29.7577723040638,36.1228140807595,43.8068307301491,56.7929530687141,17,1.25527250510331,645,2.81023251799508,0.0681108274039954,100,17,1.25527250510331,645,2.81023251799508,0.0681108274039954,100,FALSE
X8cell_3_C,8cell,10979,4.04060234011407,1131632,6.05370560360374,36.7489607929079,42.2594094193165,49.2071627525556,60.5937265824932,10961,4.03988979773618,1130351,6.05321370706968,99.8868006560437,36.7906075192573,42.3073010065015,49.2629280639377,60.6503643558505,18,1.27875360095283,1281,3.1078880251828,0.113199343956339,100,18,1.27875360095283,1281,3.1078880251828,0.113199343956339,100,FALSE
X8cell_4_C,8cell,9211,3.96435392929219,725259,5.86049372563724,39.5036807540479,44.6364677997791,51.2141179909522,62.2366630403759,9199,3.96378782734556,724772,5.86020200617894,99.9328515744031,39.5302246775538,44.6664606248586,51.2485305723731,62.2784820605653,12,1.11394335230684,487,2.68841982200271,0.0671484255969247,100,12,1.11394335230684,487,2.68841982200271,0.0671484255969247,100,FALSE
X8cell_3_D,8cell,9728,3.98806820339264,774753,5.88916382714874,38.3859113807885,43.6728867135719,50.2769269689824,61.4487456002106,9714,3.9874428049358,773610,5.88852263636623,99.8524691095097,38.4426261294451,43.737412908313,50.3504349736948,61.5073486640555,14,1.17609125905568,1143,3.05842602445701,0.147530890490259,100,14,1.17609125905568,1143,3.05842602445701,0.147530890490259,100,FALSE
X8cell_4_D,8cell,11376,4.05602775808636,902737,5.95556172410698,30.0738753368921,36.1207084676932,43.4429961328715,56.1895657317691,11359,4.055378331375,902119,5.95526431123538,99.9315415231679,30.0944775578388,36.1454530943257,43.4727569200959,56.2280586042418,17,1.25527250510331,618,2.79169064902012,0.0684584768321227,100,17,1.25527250510331,618,2.79169064902012,0.0684584768321227,100,FALSE
X8cell_3_E,8cell,10411,4.0175341594372,942953,5.97449050712392,38.1574691421524,43.1838066160243,49.400129168686,60.0969507494011,10396,4.01690804397207,940415,5.97332000949224,99.7308455458544,38.2604488443932,43.2633465012787,49.46263085978,60.1440853240325,15,1.20411998265592,2538,3.40466270087372,0.269154454145647,100,15,1.20411998265592,2538,3.40466270087372,0.269154454145647,100,FALSE
X8cell_4_E,8cell,11166,4.04793651613808,861422,5.93521646324703,30.5543624379224,36.4313890288384,43.9635857918651,57.0319773583679,11152,4.04739170220044,860862,5.93493404218753,99.9349912122049,30.5742383796706,36.4550880396626,43.9921845777837,57.0690772737094,14,1.17609125905568,560,2.74896286125616,0.0650087877950644,100,14,1.17609125905568,560,2.74896286125616,0.0650087877950644,100,FALSE
X8cell_3_F,8cell,11094,4.04512730656803,1177382,6.07091776082939,39.5147029596172,44.5732990652142,50.8579203690901,61.5423881119297,11075,4.04438294707354,1175743,6.07031277115315,99.8607928437839,39.5697869347298,44.6354347846426,50.9187807199362,61.5922867497404,19,1.30102999566398,1639,3.2148438480477,0.139207156216079,100,19,1.30102999566398,1639,3.2148438480477,0.139207156216079,100,FALSE
X8cell_4_F,8cell,11429,4.05804623039528,897397,5.95298509730099,30.5728679725918,36.6400823715702,44.2159935903508,56.9677634313464,11410,4.05732370536928,896802,5.95269705239832,99.933697126244,30.5931521116144,36.6643919170564,44.2453295153222,57.0055597556651,19,1.30102999566398,595,2.77524625974024,0.0663028737559854,100,19,1.30102999566398,595,2.77524625974024,0.0663028737559854,100,FALSE
X8cell_3_G,8cell,8738,3.94146173934733,912450,5.96020955148358,44.7638774727382,49.0906899008165,54.8928708422379,64.6244725738397,8724,3.94076543563122,910518,5.95928901274386,99.7882623705408,44.8588605606918,49.194853918319,54.9889183959021,64.690538792204,14,1.17609125905568,1932,3.28623185402855,0.211737629459148,100,14,1.17609125905568,1932,3.28623185402855,0.211737629459148,100,FALSE
X8cell_4_G,8cell,10560,4.02370504262204,927366,5.96725163763171,31.3016651462314,37.6398315228292,45.6027070218231,58.6975368948182,10544,4.02304658407551,926586,5.96688620276561,99.9158908133358,31.328014884749,37.6715167291541,45.6410953759284,58.7469484753709,16,1.23044892137827,780,2.8926510338773,0.084109186664165,100,16,1.23044892137827,780,2.8926510338773,0.084109186664165,100,FALSE
X8cell_3_H,8cell,11023,4.04233920456355,880566,5.94476240587204,36.3408307838368,41.5154571037265,48.121889784525,59.3370627528203,11008,4.04174787172327,879698,5.94433409828574,99.9014270367014,36.3766883635066,41.556420498853,48.1693717616728,59.3956107664221,15,1.20411998265592,868,2.93901977644867,0.0985729632986057,100,15,1.20411998265592,868,2.93901977644867,0.0985729632986057,100,FALSE
X8cell_4_H,8cell,10641,4.0270232545887,839327,5.92393171142796,35.6493952893211,40.8869248814824,47.4151314088549,58.5989727484044,10628,4.02649240705284,838489,5.92349788748985,99.900158102861,35.6850238941715,40.9277879614402,47.4625188881428,58.6527670607486,13,1.14612803567824,838,2.9237619608287,0.0998418971390173,100,13,1.14612803567824,838,2.9237619608287,0.0998418971390173,100,FALSE
X2cell_4_A,2cell,15273,4.18395278626658,3277418,6.51553196709355,20.7867290653801,24.602415682101,30.2207408392826,41.2852434446873,15221,4.18247171760537,3154431,6.49892116976924,96.2474423463837,18.7927077815302,22.5449217307337,28.2291481411386,39.5288088406435,52,1.72427586960079,122987,5.08986273917907,3.75255765361635,99.994308341532,52,1.72427586960079,122987,5.08986273917907,3.75255765361635,99.994308341532,FALSE
X2cell_4_B,2cell,14985,4.17568572826208,3299532,6.51845247627936,20.5479746824701,24.4248578283223,30.1720365191185,41.6393597637483,14935,4.17423430494102,3160011,6.49968873183482,95.7714912296653,18.1513292200565,21.984163979176,27.8303778056469,39.6051469441087,50,1.70757017609794,139521,5.1446426930955,4.2285087703347,100,50,1.70757017609794,139521,5.1446426930955,4.2285087703347,100,FALSE
X2cell_5_A,2cell,15447,4.18887226077134,2895945,6.46179045941714,24.1945893309438,28.1155892118117,33.6670413284783,44.9284775781308,15394,4.18737969323922,2793593,6.44616328926141,96.4656787335395,22.5174533298158,26.3341152415545,31.9548337928968,43.4377878237811,53,1.73239375982297,102352,5.01010057649878,3.53432126646052,99.9921838361732,53,1.73239375982297,102352,5.01010057649878,3.53432126646052,99.9921838361732,FALSE
X2cell_5_B,2cell,16424,4.21550537823182,4069200,6.60950914255294,22.1005357318392,26.3562370982011,32.1447213211442,43.4800697925882,16367,4.21399561636809,3901193,6.5911975476034,95.8712523346112,19.9765302562575,24.1370524349859,29.9807007753782,41.6058626168969,57,1.76342799356294,168007,5.2253299619231,4.12874766538877,99.9809531745701,57,1.76342799356294,168007,5.2253299619231,4.12874766538877,99.9809531745701,FALSE
X2cell_6_A,2cell,16029,4.20493352235414,2891993,6.46119738759566,23.5019586838557,27.0819811804524,32.3329966566309,42.9897306113811,15974,4.20344086683044,2798199,6.44687875225453,96.7567694665928,21.9345729163651,25.4206008936462,30.723333115336,41.5603393468442,55,1.7481880270062,93794,4.97217968773635,3.24323053340724,99.9872060046485,55,1.7481880270062,93794,4.97217968773635,3.24323053340724,99.9872060046485,FALSE
X2cell_6_B,2cell,15877,4.20079579760837,3074887,6.48782930161784,25.5972333292248,29.1873815200363,34.2873087693954,44.6767962530005,15827,4.19942604159399,2964702,6.4719811928363,96.4166162854115,23.8455669406234,27.3398135799146,32.503907644006,43.1066596238003,50,1.70757017609794,110185,5.04212641748315,3.58338371458854,100,50,1.70757017609794,110185,5.04212641748315,3.58338371458854,100,FALSE
X2cell_7_A,2cell,15163,4.1808137757544,2936495,6.46782941359746,26.3164078263372,29.644933841195,34.611160584302,44.9395282471109,15106,4.17917822920979,2824317,6.45091359389182,96.1798674950919,24.3530382743863,27.6527032907425,32.6917268847654,43.2715236993581,57,1.76342799356294,112178,5.04991156424884,3.82013250490806,99.9803883114336,57,1.76342799356294,112178,5.04991156424884,3.82013250490806,99.9803883114336,FALSE
X2cell_7_B,2cell,15165,4.18087105165054,3612757,6.55783887139792,27.4566210791371,30.8556041826229,35.8859175970042,46.253650605341,15108,4.17923572119848,3459819,6.53905350485052,95.7667233085425,25.2577374712377,28.6423653954152,33.7594249872609,44.4071207193209,57,1.76342799356294,152938,5.18451824620402,4.23327669145752,99.9803842079797,57,1.76342799356294,152938,5.18451824620402,4.23327669145752,99.9803842079797,FALSE
X2cell_8_A,2cell,14908,4.17344851474431,3219886,6.50784063065932,22.7250902671709,26.7520651352253,32.4787585647442,43.9927997450841,14854,4.17187265613968,3095004,6.49066135496216,96.1215397066853,20.7754497247823,24.6991926343229,30.4982804545648,42.2789760530196,54,1.74036268949424,124882,5.09650332301237,3.87846029331473,99.9815826139876,54,1.74036268949424,124882,5.09650332301237,3.87846029331473,99.9815826139876,FALSE
X2cell_8_B,2cell,14842,4.17152168745045,1931659,6.28593068671807,21.1603083152875,25.1674337965448,30.7391729078476,42.2243263433142,14789,4.16996817399689,1866445,6.27101542943978,96.6239382831028,19.5580368025846,23.39442094463,29.0333762848624,40.7368553587167,53,1.73239375982297,65214,4.81434749861514,3.37606171689724,99.9953997607876,53,1.73239375982297,65214,4.81434749861514,3.37606171689724,99.9953997607876,FALSE
ME_4cell_4_A,4cell,12616,4.10095610305949,1127913,6.05227598728093,19.9445347291857,26.8177598804163,34.9688318159291,49.0237278939067,12573,4.09947345601417,1109283,6.04504274889284,98.3482768617792,19.7210270057325,26.4275212006314,34.5331173379561,48.601844614945,43,1.64345267648619,18630,4.27023616583701,1.65172313822077,100,43,1.64345267648619,18630,4.27023616583701,1.65172313822077,100,FALSE
ME_4cell_4_B,4cell,12890,4.11028660840357,1682789,6.2260299225524,25.2182537442306,31.7179991074341,39.7675525570942,53.0918017648083,12844,4.10873410860236,1616739,6.20864018339169,96.0749684006729,23.4478787237767,29.8856525388452,38.0001348393278,51.6543486611011,46,1.67209785793572,66050,4.81987939713895,3.92503159932707,100,46,1.67209785793572,66050,4.81987939713895,3.92503159932707,100,FALSE
ME_4cell_4_C,4cell,12496,4.09680576982272,2148644,6.33216466710765,28.9012977487197,35.4487295242953,43.7098002274923,57.1730821857879,12455,4.09537859956006,2055954,6.3130136047466,95.6861164529815,26.9102324273792,33.4638323620081,41.8726780852101,55.70508873253,41,1.6232492903979,92690,4.96703756758474,4.31388354701849,100,41,1.6232492903979,92690,4.96703756758474,4.31388354701849,100,FALSE
ME_4cell_4_D,4cell,12296,4.08979917303616,4813203,6.68243426894866,36.3357622772196,43.035479700316,50.8331562163491,63.9301521253103,12254,4.0883133155881,4596829,6.66245844296565,95.5045735656693,34.3451540181286,41.1432750707063,49.1448779147538,62.6546038584424,42,1.63346845557959,216374,5.33520708088345,4.49542643433074,100,42,1.63346845557959,216374,5.33520708088345,4.49542643433074,100,FALSE
ME_4cell_5_A,4cell,13506,4.13055889986401,2757809,6.44056434204506,38.2192892981349,44.1052299125864,51.1445498944996,62.7589510368557,13467,4.12930310771605,2627406,6.41952735263496,95.2714999479659,36.1971465392102,42.1576261910036,49.3394245122375,61.3049524892613,39,1.60205999132796,130403,5.1152909131082,4.72850005203406,100,39,1.60205999132796,130403,5.1152909131082,4.72850005203406,100,FALSE
ME_4cell_5_B,4cell,12683,4.10325623335505,1403170,6.14711060034485,23.807592807714,29.9438414447287,37.5774139983038,50.8001881454136,12642,4.10185013793813,1358550,6.13307594647333,96.8200574413649,22.6051304699864,28.5700931139818,36.2311287770049,49.6729601413272,41,1.6232492903979,44620,4.64953929901854,3.17994255863509,100,41,1.6232492903979,44620,4.64953929901854,3.17994255863509,100,FALSE
ME_4cell_5_C,4cell,12906,4.11082531005496,1012224,6.00527705933907,20.8334321256955,27.2144307979262,34.9470077769348,48.2557220536166,12867,4.10951105222993,984586,5.99325409726495,97.2695766944866,19.8439750311298,26.062426238033,33.7981649139842,47.2742858419681,39,1.60205999132796,27638,4.44152232588239,2.7304233055134,100,39,1.60205999132796,27638,4.44152232588239,2.7304233055134,100,FALSE
ME_4cell_5_D,4cell,12721,4.10455539124051,972956,5.98809364697402,19.8586575343592,26.5749941415645,34.4641484301448,48.009056935771,12679,4.10311925354571,955131,5.9800633955734,98.1679541520891,19.5328180113513,26.0757948386138,33.9229906682958,47.5106556064037,42,1.63346845557959,17825,4.25105390218731,1.8320458479109,100,42,1.63346845557959,17825,4.25105390218731,1.8320458479109,100,FALSE
EM_4cell_4_A,4cell,11141,4.04696315412342,1098118,6.04064940590914,26.0274396740605,32.3090961080685,39.8405271564622,52.8178210356264,11100,4.04536210265335,1044595,6.01894835849001,95.1259336428325,24.1529970945678,30.2321952527056,37.758174220631,51.0367175795404,41,1.6232492903979,53523,4.72854856202834,4.87406635716744,100,41,1.6232492903979,53523,4.72854856202834,4.87406635716744,100,FALSE
EM_4cell_4_B,4cell,12034,4.08044609461105,1184899,6.07368169947628,27.3177713881099,33.6002477848323,41.1642680093409,54.1601436071766,11987,4.07874673427361,1153262,6.06192835883326,97.329983399429,26.5509485268742,32.7445974982268,40.2435006095753,53.3690523055472,47,1.68124123737559,31637,4.50020902171511,2.67001660057102,100,47,1.68124123737559,31637,4.50020902171511,2.67001660057102,100,FALSE
EM_4cell_4_C,4cell,12352,4.09177244141968,1609127,6.20659059194406,31.9146966025677,37.8627665808852,44.8454969682318,56.7929069613523,12307,4.09018748757542,1538352,6.18705600280059,95.6016523245213,30.0496245332668,35.8794346157446,42.9715695757538,55.2572493161513,45,1.66275783168157,70775,4.8498860142634,4.39834767547869,100,45,1.66275783168157,70775,4.8498860142634,4.39834767547869,100,FALSE
EM_4cell_4_D,4cell,12679,4.10311925354571,4049445,6.60739561195534,40.6858470728705,45.8570989357801,52.7075685680383,64.134418420302,12636,4.10164398549031,3865383,6.58719264464427,95.454636376096,38.8922391390452,44.1018651967994,51.0909785653841,62.8183287399981,43,1.64345267648619,184062,5.26496649621291,4.54536362390402,100,43,1.64345267648619,184062,5.26496649621291,4.54536362390402,100,FALSE
EM_4cell_5_A,4cell,13840,4.14116746864623,2588823,6.41310252612936,30.4972954891084,35.8832565996208,42.7619423962163,54.6779366530659,13797,4.13981614061058,2484679,6.39527046422307,95.977168002602,28.6591145174085,34.0051974520652,40.9891177089676,53.2153247964828,43,1.64345267648619,104144,5.01763842431223,4.02283199739805,100,43,1.64345267648619,104144,5.01763842431223,4.02283199739805,100,FALSE
EM_4cell_5_B,4cell,13008,4.11424391368891,1279125,6.10691332665964,27.6822046320727,33.2954167888205,40.1709762532982,51.8706928564448,12964,4.11277252110537,1231340,6.09037834042949,96.2642431349555,26.0675361800965,31.5654490230156,38.4886383939448,50.4693261000211,44,1.65321251377534,47785,4.67930067876034,3.73575686504446,100,44,1.65321251377534,47785,4.67930067876034,3.73575686504446,100,FALSE
EM_4cell_5_C,4cell,12446,4.09506468954864,815296,5.91131584427933,24.0015896067195,29.9291300337546,37.0648206295628,49.4965018839783,12405,4.09363177682895,794071,5.899859882509,97.3966510322631,23.1699684285158,28.9144169727896,36.0159230094034,48.5877207453741,41,1.6232492903979,21225,4.32686815989368,2.60334896773687,100,41,1.6232492903979,21225,4.32686815989368,2.60334896773687,100,FALSE
EM_4cell_5_D,4cell,11925,4.07649480500972,909370,5.95874110036305,19.7796276543101,25.6792064836095,33.2730351782003,46.3032648976764,11884,4.0749991860642,885934,5.94740185938494,97.4228311908244,18.9087448952179,24.7372829127226,32.2827659848251,45.3892727900724,41,1.6232492903979,23436,4.36990202002402,2.57716880917558,100,41,1.6232492903979,23436,4.36990202002402,2.57716880917558,100,FALSE
EM_4cell_6_A,4cell,11956,4.07762222924452,564543,5.75169779606173,18.3077285521209,24.2668848962789,31.693068552794,45.2868957723327,11915,4.07613049454301,555484,5.74467233599483,98.3953392389951,17.9960178871039,23.8064462702796,31.2280821769844,44.8419756464633,41,1.6232492903979,9059,3.95712819767681,1.60466076100492,100,41,1.6232492903979,9059,3.95712819767681,1.60466076100492,100,FALSE
EM_4cell_6_B,4cell,11543,4.06235631808544,569055,5.7551550068068,20.4257936403335,26.6016465895212,34.2539824797252,47.7138413685848,11506,4.06096211309383,553921,5.74344861426902,97.3405031148132,19.5000731151193,25.5085111414805,33.155991558363,46.7922321053002,37,1.57978359661681,15134,4.17998242529259,2.65949688518685,100,37,1.57978359661681,15134,4.17998242529259,2.65949688518685,100,FALSE
EM_4cell_6_C,4cell,12248,4.08810063464266,943812,5.97488595498339,29.58735426123,35.4024954122219,42.2745207732048,54.2865528304366,12206,4.08660894457295,912259,5.96011863270648,96.6568553906922,28.3600381032141,33.9860719379036,40.8946362820208,53.1537644462812,42,1.63346845557959,31553,4.4990544211971,3.34314460930779,100,42,1.63346845557959,31553,4.4990544211971,3.34314460930779,100,FALSE
EM_4cell_6_D,4cell,12640,4.10178143132797,1474035,6.16850809031437,34.5189903903232,40.2720423870532,47.373230622068,59.576740036702,12592,4.10012920335981,1420872,6.1525552616966,96.3933692212193,33.1124830385848,38.8649364615532,46.0159676592965,58.4792296561548,48,1.69019608002851,53163,4.72561764933191,3.60663077878069,100,48,1.69019608002851,53163,4.72561764933191,3.60663077878069,100,FALSE
ME_4cell_6_A,4cell,13182,4.12001425207807,1342696,6.12797801856992,27.4258655719537,33.5637404148072,41.1094544111251,53.9702955844063,13137,4.11852925753174,1295564,6.11245920692676,96.4897489826439,25.988681377377,32.0053660027602,39.6130179597457,52.7456767863263,45,1.66275783168157,47132,4.67332508334081,3.51025101735613,100,45,1.66275783168157,47132,4.67332508334081,3.51025101735613,100,FALSE
ME_4cell_6_B,4cell,13089,4.11693964655076,1559838,6.19307977462372,26.9587611021144,33.3888519192378,41.0365050729627,53.8793772173777,13046,4.115510662385,1497462,6.17535610044743,96.0011231935624,25.2222093114884,31.5453747741178,39.2606289842413,52.4189595462189,43,1.64345267648619,62376,4.79502448368217,3.99887680643759,100,43,1.64345267648619,62376,4.79502448368217,3.99887680643759,100,FALSE
ME_4cell_6_C,4cell,12746,4.10540798580918,1026296,6.01127305940716,21.2797282655296,27.2627000397546,34.7981479027493,48.1045429388792,12705,4.10400885099924,1001902,6.00082567701632,97.6231028864967,20.58604534176,26.3638559459907,33.8778643020974,47.3113138809983,41,1.6232492903979,24394,4.38730082244829,2.37689711350332,100,41,1.6232492903979,24394,4.38730082244829,2.37689711350332,100,FALSE
ME_4cell_6_D,4cell,12478,4.0961797847148,889977,5.94937927114301,19.3287017529667,25.6551573804716,33.5770474967331,47.6126911144895,12434,4.09464578960595,875542,5.94227748017861,98.3780479720262,19.0737851525112,25.2274591053313,33.139129819015,47.2002485317666,44,1.65321251377534,14435,4.15944687338747,1.62195202797376,100,44,1.65321251377534,14435,4.15944687338747,1.62195202797376,100,FALSE
